Date,Company,Name,Price,SKU,Rating,In_Stock,Reviews
2023-02-17 09:54:36.275638,Hobbyco,132 SPITFIRE MK.VIII W/ AUSTRALIAN DECALS,$194.99,T60320,0,YES,No reviews
2023-02-17 09:54:36.275638,Hobbyco,1/48 DOUGLAS A1H SKYRAIDER USN,Sale price,T61058,0,YES,No reviews
2023-02-17 09:54:36.275638,Hobbyco,1/48 GRUMMAN F14D TOMCAT,$154.99,T61118,0,YES,No reviews
2023-02-17 09:54:36.275638,Hobbyco,1/48 BEAUFIGHTER MK. IV,$49.99,T61053,0,YES,No reviews
2023-02-17 09:54:36.275638,Hobbyco,1/48 HURRICANE MKI W/3 FIGURES,$76.99,T37011,0,YES,No reviews
2023-02-17 09:54:36.275638,Hobbyco,1/48 VOUGHT F4U1A CORSAIR,$39.99,T61070,0,YES,No reviews
2023-02-17 09:54:36.275638,Hobbyco,1/48 F4U1/2 CORSAIR,$36.99,T61046,0,YES,No reviews
2023-02-17 09:54:36.275638,Hobbyco,1/48 P38 J LIGHTNING,$99.99,T61123,0,YES,No reviews
2023-02-17 09:54:36.275638,Hobbyco,1/32 DE HAVILLAND MOSQUITO FB MK.VI,$329.99,T60326,0,YES,No reviews
2023-02-17 09:54:36.275638,Hobbyco,1/48 SUPERMARINE MKVB SPITFIRE,$39.99,T61033,0,YES,No reviews
2023-02-17 09:54:36.275638,Hobbyco,1/48 F16C FIGHTING FALCON BLOCK 25/32,$86.99,T61101,0,YES,No reviews
2023-02-17 09:54:36.275638,Hobbyco,1/32 SUPERMARINE SPITFIRE MK.IXC,$179.99,T60319,0,YES,No reviews
2023-02-17 09:54:36.275638,Hobbyco,1/48 MESSERSCHMITT BF109 G6,$72.99,T61117,0,YES,No reviews
2023-02-17 09:54:36.275638,Hobbyco,1/32 F16C FIGHTING FALCON,$214.99,T60315,0,YES,No reviews
2023-02-17 09:54:36.275638,Hobbyco,1/32 VOUGHT F4U1 CORSAIR BIRDCAGE,$189.99,T60324,0,YES,No reviews
2023-02-17 09:54:36.275638,Hobbyco,1/48 MCDONNELL DOUGLASI F4B PHANTOM III,$152.99,T61121,0,YES,No reviews
2023-02-17 09:54:36.275638,Hobbyco,1/48 SUPERMARINE SPITFIRE MK.1,$64.99,T61119,0,YES,No reviews
2023-02-17 09:54:36.275638,Hobbyco,A6M2B ZERO MODEL 21 ZEKE,$166.99,T60317,0,YES,No reviews
2023-02-17 09:54:36.275638,Hobbyco,1/48 VOUGHT F4U1D C ORSAIR,$39.99,T61061,0,YES,No reviews
2023-02-17 09:54:36.275638,Hobbyco,1/48 MESSERSCHMITT BF109 E3,$39.99,T61050,0,YES,No reviews
2023-02-17 09:54:36.275638,Hobbyco,1/32 P51D MUSTANG F,$176.99,T60322,0,YES,No reviews
2023-02-17 09:54:36.275638,Hobbyco,1/48 MESSERSCHMITT B F109R4/7 TROP.,$39.99,T61063,0,YES,No reviews
2023-02-17 09:54:36.275638,Hobbyco,1/48 DE HAVILLAND MOSQUITO FB MK.VI/NF MK.II,$49.99,T61062,0,YES,No reviews
2023-02-17 09:54:36.275638,Hobbyco,1/32 US P51D/K MUSTANG PACIFIC VER.,$204.99,T60323,0,YES,No reviews
2023-02-17 09:54:36.275638,Hobbyco,1/48 NAKAJIMA A6M2NTYPE 2 FLOAT PLANE,$24.99,T61017,0,YES,No reviews
2023-02-17 09:54:36.275638,Hobbyco,1/48 GRUMMAN F14A TOMCAT U.S MISSILE,$144.99,T61114,0,YES,No reviews
2023-02-17 09:54:36.275638,Hobbyco,1/48 NAKAJIMA KI84IA HAYATE FRANK,$24.99,T61013,0,YES,No reviews
2023-02-17 09:54:36.275638,Hobbyco,1/48 NORTH AMERICAN P51D MUSTANG,$39.99,T61040,0,YES,No reviews
2023-02-17 09:54:36.275638,Hobbyco,1/48 F16CJ FIGHTING FALCON,$74.99,T61098,0,YES,No reviews
2023-02-17 09:54:36.275638,Hobbyco,1/72 MOSQUITO FB MK.VI/NF MK.II,$36.99,T60747,0,YES,No reviews
2023-02-17 09:54:36.275638,Hobbyco,1/48 FOCKEWULF FW190 A3,$39.99,T61037,0,YES,No reviews
2023-02-17 09:54:36.275638,Hobbyco,148 MITSUBISHI A6M3 ZERO FIGHTER HAMP,$24.99,T61025,0,YES,No reviews
2023-02-17 09:54:36.275638,Hobbyco,1/48 KAWASAKI KI61ID HEIN TONY,$69.99,T61115,0,YES,No reviews
2023-02-17 09:54:36.275638,Hobbyco,148 MCDONNELL DOUGLAS F15C EAGLE,$49.99,T61029,0,YES,No reviews
2023-02-17 09:54:36.275638,Hobbyco,1/32 A6M5 ZERO FIGHTER MOD. 52 ZEKE,Sale price,T60318,0,YES,No reviews
2023-02-17 09:54:36.275638,Hobbyco,1/48 AICHI M6A1 SEIRAN,Sale price,T61054,0,YES,No reviews
2023-02-17 09:54:36.275638,Hobbyco,148 ILYUSHIN IL2 SHTURMOVIK,$89.99,T61113,0,YES,No reviews
2023-02-17 09:54:36.275638,Hobbyco,1/48 FAIREY SWORDFISH MK.I PHOTOETCHED BRACING WIRE SET,Sale price,T61069,0,YES,No reviews
2023-02-17 09:54:36.275638,Hobbyco,148 FOCKEWULF FW190A8/A8 R2,$49.99,T61095,0,YES,No reviews
2023-02-17 09:54:36.275638,Hobbyco,148 MITSUBUSHI A6M3/3A ZERO FIGHTER ZEKE,$69.99,T61108,0,YES,No reviews
2023-02-17 09:54:36.275638,Hobbyco,1/48 DOUGLAS A1J SKYRAIDER US AIR FORCE,$54.99,T61073,0,YES,No reviews
2023-02-17 09:54:36.275638,Hobbyco,1/48 MITSUBISHI A6M5C ZERO FIGHTER ZEKE,$24.99,T61027,0,YES,No reviews
2023-02-17 09:54:36.275638,Hobbyco,1/72 F51D MUSTANG KOREAN WAR,$24.99,T60754,0,YES,No reviews
2023-02-17 09:54:36.275638,Hobbyco,1/72 P47D THUNDERBOLT RAZORBACK,$32.99,T60769,0,YES,No reviews
2023-02-17 09:54:36.275638,Hobbyco,1/48 BREWSTER B339 BUFFALO PACIFIC THEATER,$39.99,T61094,0,YES,No reviews
2023-02-17 09:54:36.275638,Hobbyco,148 LOCKHEED P38F/G LIGHTNING,$102.99,T61120,0,YES,No reviews
2023-02-17 09:54:36.275638,Hobbyco,148 NAKAJIMA HAYATE FRANK AND KUROGANE SCENERY SET,Sale price,T61116,0,YES,No reviews
2023-02-17 09:54:36.275638,Hobbyco,172 SUPERMARINE SPITFIRE MK.VB/ MK.VB TROP.,$29.99,T60756,0,YES,No reviews
2023-02-17 09:54:36.275638,Hobbyco,1/72 SUPERMARINE SPITFIRE MK.1,$24.99,T60748,0,YES,No reviews
2023-02-17 09:54:36.275638,Hobbyco,1/72 MITSUBISHI A6M5 ZERO FIGHTER ZEKE,$34.99,T60779,0,YES,No reviews
2023-02-17 09:54:36.275638,Hobbyco,1/72 DOUGLAS F4D1 SKYRAY,$24.99,T60741,0,YES,No reviews
2023-02-17 09:54:36.275638,Hobbyco,1/72 VOUGHT F4U1A CORSAIR,$39.99,T60775,0,YES,No reviews
2023-02-17 09:54:36.275638,Hobbyco,1/72 A6M3 ZERO MODEL 32 HAMP,Sale price,T60784,0,YES,No reviews
2023-02-17 09:54:36.275638,Hobbyco,1/48 JAPAN AIR SELF DEFENSE FORCE F15J EAGLE,$49.99,T61030,0,YES,No reviews
2023-02-17 09:54:36.275638,Hobbyco,1/48 P47D THUNDERBOLT B/TOP,$56.99,T61090,0,YES,No reviews
2023-02-17 09:54:36.275638,Hobbyco,1/72 WB F4U1D CORSAIR,$32.99,T60752,0,YES,No reviews
2023-02-17 09:54:36.275638,Hobbyco,1/72 MITSUBISHI A6M2B ZERO FIGHTER,$32.99,T60780,0,YES,No reviews
2023-02-17 09:54:36.275638,Hobbyco,1/72 MOSQUITO B MK.I V/PR MK.IV,$36.99,T60753,0,YES,No reviews
2023-02-17 09:54:36.275638,Hobbyco,1/48 GEKKO TYPE 11 KOU,$66.99,T61093,0,YES,No reviews
2023-02-17 09:54:36.275638,Hobbyco,T37008 1/48 JUNKERS JU87 B2 STUKA W/BOMB LOADING SET,$79.99,T37008,0,YES,No reviews
2023-02-17 09:54:36.275638,Hobbyco,148 MITSUBISHI A6M5/5A ZERO FIGHTER ZEKE,$72.99,T61103,0,YES,No reviews
2023-02-17 09:54:36.275638,Hobbyco,1/48 RAIDEN JACK,$24.99,T61018,0,YES,No reviews
2023-02-17 09:54:36.275638,Hobbyco,148 DOUGLAS F4D1 SKYRAY,Sale price,T61055,0,YES,No reviews
2023-02-17 09:54:36.275638,Hobbyco,172 KAWASAKI KI61ID HIEN TONY SILVER COLOR PLATED W/ CAMO DECALS,Sale price,T25420,0,YES,No reviews
2023-02-17 09:54:36.275638,Hobbyco,148 FOCKEWULF FW 190 D9,$39.99,T61041,0,YES,No reviews
2023-02-17 09:54:36.275638,Hobbyco,1/48 HEINKEL HE162,$49.99,T61097,0,YES,No reviews
2023-02-17 09:54:36.275638,Hobbyco,1/48 MESSERSCHMITT ME262 A1A,$52.99,T61087,0,YES,No reviews
2023-02-17 09:54:36.275638,Hobbyco,1/32 VOUGHT F4U1A CORSAIR,$202.99,T60325,0,YES,No reviews
2023-02-17 09:54:36.275638,Hobbyco,T60790 1/72 BF 109 G6,Sale price,T60790,0,YES,No reviews
2023-02-17 09:54:36.275638,Hobbyco,KAWANISHI SHIDEN TYPE 11,$24.99,T60768,0,YES,No reviews
2023-02-17 09:54:36.275638,Hobbyco,1/72 A6M3/3A ZERO MODEL 22 ZEKE,$32.99,T60785,0,YES,No reviews
2023-02-17 09:54:36.275638,Hobbyco,148 MITSUBISHI A6M2 ZERO FIGHTER ZEKE,$24.99,T61016,0,YES,No reviews
2023-02-17 09:54:36.275638,Hobbyco,1/48 FIESELER FI156C STORCH,$92.99,T61100,0,YES,No reviews
2023-02-17 09:54:36.275638,Hobbyco,1/48 NORTH AMERICAN P51B MUSTANG,$39.99,T61042,0,YES,No reviews
2023-02-17 09:54:36.275638,Hobbyco,148 MITSUBISHI G4M1 ISSHIKIRIKKO TYPE 11,$92.99,T61049,0,YES,No reviews
2023-02-17 09:54:36.275638,Hobbyco,1/32 SUPERMARINE SPITFIRE MK.XVIE F,$194.99,T60321,0,YES,No reviews
2023-02-17 09:54:36.275638,Hobbyco,1/72 SEIRAN AICHI,$24.99,T60737,0,YES,No reviews
2023-02-17 09:54:36.275638,Hobbyco,1/48 GRUMMAN F4F4 WILDCAT,$39.99,T61034,0,YES,No reviews
2023-02-17 09:54:36.275638,Hobbyco,1/32 NORTH AMERICAN F51D MUSTANG KOREAN WAR,$229.99,T60328,0,YES,No reviews
2023-02-17 09:54:36.275638,Hobbyco,1/48 V1 FIESELER FI103,$22.99,T61052,0,YES,No reviews
2023-02-17 09:54:36.275638,Hobbyco,1/48 KAWASAKI KI61LD HEIN TONY SILVER COLOUR PLATED W/CAMO DECAL,$89.99,T25424,0,YES,No reviews
2023-02-17 09:54:36.275638,Hobbyco,1/72 KI61ID HIEN,$42.99,T60789,0,YES,No reviews
2023-02-17 09:54:36.275638,Hobbyco,124 TOYOTA 86,$72.99,T24323,0,YES,No reviews
2023-02-17 09:54:36.275638,Hobbyco,124 NISSAN SKYLINE 2000 GTR STREET CUSTOM,$72.99,T24335,0,YES,No reviews
2023-02-17 09:54:36.275638,Hobbyco,T12033 1/12 RENAULT RE20 TURBO WITH PHOTOETCHED PARTS,$159.99,T12033,0,YES,No reviews
2023-02-17 09:54:36.275638,Hobbyco,1/24 PORSCHE 911 TURBO 1988,$44.99,T24279,0,YES,No reviews
2023-02-17 09:54:36.275638,Hobbyco,1/20 TYRRELL P34 1976 JAPAN GP,$69.99,T20058,0,YES,No reviews
2023-02-17 09:54:36.275638,Hobbyco,1/24 MAZDA ROADSTER MX5 RF,$62.99,T24353,0,YES,No reviews
2023-02-17 09:54:36.275638,Hobbyco,T24362 1/24 SUBARU BRZ ZD8,$62.99,T24362,0,YES,No reviews
2023-02-17 09:54:36.275638,Hobbyco,1/24 SUBARU IMPREZA WRC 99,$42.99,T24218,0,YES,No reviews
2023-02-17 09:54:36.275638,Hobbyco,T14010 SUZUKI GSX1100S KATANA,$24.99,T14010,0,YES,No reviews
2023-02-17 09:54:36.275638,Hobbyco,T24361 1/24 TOYOTA GR 86,$62.99,T24361,0,YES,No reviews
2023-02-17 09:54:36.275638,Hobbyco,1/24 MITSUBISHI GTO,$29.99,T24108,0,YES,No reviews
2023-02-17 09:54:36.275638,Hobbyco,1/12 DUCATI 888 SUPERBIKE,$42.99,T14063,0,YES,No reviews
2023-02-17 09:54:36.275638,Hobbyco,1/24 NISSAN FAIRLADY Z RZ34,$79.99,T24363,0,YES,No reviews
2023-02-17 09:54:36.275638,Hobbyco,1/35 M551 SHERIDAN VIETNAM,Sale price,T35365,0,YES,No reviews
2023-02-17 09:54:36.275638,Hobbyco,1/12 HONDA CB750F CUSTOM TUNED,$32.99,T14066,0,YES,No reviews
2023-02-17 09:54:36.275638,Hobbyco,1/12 DUCATI 1199 PANIGALE S TRICOLORE,$69.99,T14132,0,YES,No reviews
2023-02-17 09:54:36.275638,Hobbyco,1/24 TOYOTA SUPRA,$34.99,T24123,0,YES,No reviews
2023-02-17 09:54:36.275638,Hobbyco,1/20 LOTUS TYPE 79 1978,$86.99,T20060,0,YES,No reviews
2023-02-17 09:54:36.275638,Hobbyco,T24042 1/24 NISSAN 300ZX 2 SEATER KIT,$44.99,T24042,0,YES,No reviews
2023-02-17 09:54:36.275638,Hobbyco,112 YAMAHA YZRM1 04 NO.7/NO.33,$56.99,T14100,0,YES,No reviews
2023-02-17 09:54:36.275638,Hobbyco,124 SUBARU IMPREZA WRC 2001,$44.99,T24240,0,YES,No reviews
2023-02-17 09:54:36.275638,Hobbyco,1/24 TOYOTA GTONE TS020,$49.99,T24222,0,YES,No reviews
2023-02-17 09:54:36.275638,Hobbyco,T12051 1/12 NISSAN FAIRLADY 240ZG STREETCUSTOM,$196.99,T12051,0,YES,No reviews
2023-02-17 09:54:36.275638,Hobbyco,T24328 1/24 PORSCHE 934 JAEGER,$66.99,T24328,0,YES,No reviews
2023-02-17 09:54:36.275638,Hobbyco,1/24 PORSCHE CARRERA GT,$66.99,T24275,0,YES,No reviews
2023-02-17 09:54:36.275638,Hobbyco,1/24 NISSAN SKYLINE 2000 GTR,$44.99,T24194,0,YES,No reviews
2023-02-17 09:54:36.275638,Hobbyco,1/24 PEUGEOT 206 WRC,$44.99,T24221,0,YES,No reviews
2023-02-17 09:54:36.275638,Hobbyco,1/24 LEXUS LFA,$92.99,T24319,0,YES,No reviews
2023-02-17 09:54:36.275638,Hobbyco,1/24 MAZDA MX5,$69.99,T24342,0,YES,No reviews
2023-02-17 09:54:36.275638,Hobbyco,124 ALPINE RENAULT A110 MONTECARLO 71,$59.99,T24278,0,YES,No reviews
2023-02-17 09:54:36.275638,Hobbyco,1/24 PORSCHE 911 GT1,$42.99,T24186,0,YES,No reviews
2023-02-17 09:54:36.275638,Hobbyco,1/12 KAWASAKI NINJAZX12R,$49.99,T14084,0,YES,No reviews
2023-02-17 09:54:36.275638,Hobbyco,124 CASTROL TOYOTA CELICA GTFOUR 1993 MONTECARLO RALLY WINNER,$34.99,T24125,0,YES,No reviews
2023-02-17 09:54:36.275638,Hobbyco,1/24 EFINI RX7,$29.99,T24110,0,YES,No reviews
2023-02-17 09:54:36.275638,Hobbyco,1/24 PORSCHE 959,$29.99,T24065,0,YES,No reviews
2023-02-17 09:54:36.275638,Hobbyco,TAISAN PORSCHE 911 GT2,$44.99,T24175,0,YES,No reviews
2023-02-17 09:54:36.275638,Hobbyco,1199 PANIGALE S,$74.99,T14129,0,YES,No reviews
2023-02-17 09:54:36.275638,Hobbyco,1/12 YAMAHA YZFR1M,$72.99,T14133,0,YES,No reviews
2023-02-17 09:54:36.275638,Hobbyco,124 MERCEDESBENZ SLR MCLAREN 722 EDITION,$86.99,T24317,0,YES,No reviews
2023-02-17 09:54:36.275638,Hobbyco,1/24 NISSAN 370Z,$72.99,T24315,0,YES,No reviews
2023-02-17 09:54:36.275638,Hobbyco,1/24 PORSCHE GT2 STREET VERSION,$42.99,T24247,0,YES,No reviews
2023-02-17 09:54:36.275638,Hobbyco,1/24 FORD GT SPORTS CAR,$79.99,T24346,0,YES,No reviews
2023-02-17 09:54:36.275638,Hobbyco,1/24 LOTUS SUPER 7 SERIES II,$49.99,T24357,0,YES,No reviews
2023-02-17 09:54:36.275638,Hobbyco,1/20 FIAT 131 ABARTH RALLY OLIO FIAT,$92.99,T20069,0,YES,No reviews
2023-02-17 09:54:36.275638,Hobbyco,1/24 NISSAN SKYLINE GTR V.SPEC II,$42.99,T24258,0,YES,No reviews
2023-02-17 09:54:36.275638,Hobbyco,1/24 LOTUS EUROPA SPECIAL,Sale price,T24358,0,YES,No reviews
2023-02-17 09:54:36.275638,Hobbyco,1/24 NISSAN R390 GT1,$49.99,T24192,0,YES,No reviews
2023-02-17 09:54:36.275638,Hobbyco,1/24 MERCEDESBENZ 300SL,$86.99,T24338,0,YES,No reviews
2023-02-17 09:54:36.275638,Hobbyco,1/24 TOYOTA CELICA GTFOUR,$34.99,T24133,0,YES,No reviews
2023-02-17 09:54:36.275638,Hobbyco,1/24 HONDA S600,$62.99,T24340,0,YES,No reviews
2023-02-17 09:54:36.275638,Hobbyco,1/12 DUCATI 916,$44.99,T14068,0,YES,No reviews
2023-02-17 09:54:36.275638,Hobbyco,1/12 SUZUKI RGV GAMMA XR89,$44.99,T14081,0,YES,No reviews
2023-02-17 09:54:36.275638,Hobbyco,112 KAWASAKI NINJA H2 CARBON,$79.99,T14136,0,YES,No reviews
2023-02-17 09:54:36.275638,Hobbyco,112 HONDA NSR500 FACTORY COLOR,$34.99,T14099,0,YES,No reviews
2023-02-17 09:54:36.275638,Hobbyco,1/6 HONDA CRF1000L AFRICA TWIN,$329.99,T16042,0,YES,No reviews
2023-02-17 09:54:36.275638,Hobbyco,1/24 TOYOTA MODEL AA,$72.99,T24339,0,YES,No reviews
2023-02-17 09:54:36.275638,Hobbyco,112 GSX1100S KATANA CUSTOM TUNED,$32.99,T14065,0,YES,No reviews
2023-02-17 09:54:36.275638,Hobbyco,112 NSR500 84,$82.99,T14121,0,YES,No reviews
2023-02-17 09:54:36.275638,Hobbyco,124 CASTROL TOYOTA TOMS SUPRA GT,$39.99,T24163,0,YES,No reviews
2023-02-17 09:54:36.275638,Hobbyco,112 DUCATI DESMOSEDICI,$62.99,T14101,0,YES,No reviews
2023-02-17 09:54:36.275638,Hobbyco,1/20 TYRRELL P34 MONACO GP 1977,$44.99,T20053,0,YES,No reviews
2023-02-17 09:54:36.275638,Hobbyco,1/24 NISSAN FAIRLADY 240ZG 1/24 SCALE,$76.99,T24360,0,YES,No reviews
2023-02-17 09:54:36.275638,Hobbyco,124 SUBARU BRZ,$72.99,T24324,0,YES,No reviews
2023-02-17 09:54:36.275638,Hobbyco,1/6 HONDA GORILLA SPRING COLLECTION,$89.99,T16031,0,YES,No reviews
2023-02-17 09:54:36.275638,Hobbyco,SUZUKI GSX1100S KATANA,$142.99,T16025,0,YES,No reviews
2023-02-17 09:54:36.275638,Hobbyco,1/12 HONDA MONKEY 125,$54.99,T14134,0,YES,No reviews
2023-02-17 09:54:36.275638,Hobbyco,1/24 ZENT CERUMO SC 2006,$79.99,T24303,0,YES,No reviews
2023-02-17 09:54:36.275638,Hobbyco,1/12 YAMAHA YZFR1,$44.99,T14073,0,YES,No reviews
2023-02-17 09:54:36.275638,Hobbyco,T14070 HONDA CNR 110XX S. BLACKBIRD,$54.99,T14070,0,YES,No reviews
2023-02-17 09:54:36.275638,Hobbyco,1/6 HONDA CB750F,$142.99,T16020,0,YES,No reviews
2023-02-17 09:54:36.275638,Hobbyco,1/24 MCLAREN SENNA,$94.99,T24355,0,YES,No reviews
2023-02-17 09:54:36.275638,Hobbyco,1/12 SUZUKI RG250 GAMMA REISSUE,$49.99,T14024,0,YES,No reviews
2023-02-17 09:54:36.275638,Hobbyco,TS050 HYBRID,$84.99,T24349,0,YES,No reviews
2023-02-17 09:54:36.275638,Hobbyco,112 KAWASAKI ZZR1400,$69.99,T14111,0,YES,No reviews
2023-02-17 09:54:36.275638,Hobbyco,1/24 HONDA S2000 2001 VERSION,$42.99,T24245,0,YES,No reviews
2023-02-17 09:54:36.275638,Hobbyco,1/24 HONDA NSX 2016,$72.99,T24344,0,YES,No reviews
2023-02-17 09:54:36.275638,Hobbyco,124 TOYOTA GR SUPRA,$66.99,T24351,0,YES,No reviews
2023-02-17 09:54:36.275638,Hobbyco,1/24 NISSAN FAIRLADY 370Z HERITAGE EDITION,$72.99,T24348,0,YES,No reviews
2023-02-17 09:54:36.275638,Hobbyco,1/12 YAMAHA YZFR1 TAIRA RACING,$44.99,T14074,0,YES,No reviews
2023-02-17 09:54:36.275638,Hobbyco,112 YAMAHA XV1600 ROAD STAR CUSTOM,$72.99,T14135,0,YES,No reviews
2023-02-17 09:54:36.275638,Hobbyco,T24015 1/24 NISSAN 280ZX TBAR ROOF KIT,$59.99,T24015,0,YES,No reviews
2023-02-17 09:54:36.275638,Hobbyco,1/12 SUZUKI RG250 GAMMA WITH FULL OPTIONS REISSUE,$49.99,T14029,0,YES,No reviews
2023-02-17 09:54:36.275638,Hobbyco,112 STREET RIDER,$32.99,T14137,0,YES,No reviews
2023-02-17 09:54:36.275638,Hobbyco,TIGER I BRASS 88MM PROJECTILES,$14.99,T35189,0,YES,No reviews
2023-02-17 09:54:36.275638,Hobbyco,1/35 M4 SHERMAN BRASS 75MM PROJECTILES,$14.99,T35191,0,YES,No reviews
2023-02-17 09:54:36.275638,Hobbyco,1/35 STUG III BRASS 75MM & 105MM PROJECTILES,$14.99,T35198,0,YES,No reviews
2023-02-17 09:54:36.275638,Hobbyco,1/35 ZIMMERIT COATING APPLICATOR,$14.99,T35187,0,YES,No reviews
2023-02-17 09:54:36.275638,Hobbyco,BRASS 88MM PROJECTILES,$14.99,T35166,0,YES,No reviews
2023-02-17 09:54:36.275638,Hobbyco,PANTHER 75MM PROJECTILES,$14.99,T35173,0,YES,No reviews
2023-02-17 09:54:36.275638,Hobbyco,T12693 1/48 F14A TOMCAT DETAIL UP PARTS,$22.99,T12693,0,YES,No reviews
2023-02-17 09:54:36.275638,Hobbyco,JGSDF TYPE 90 TANK PE PARTS SET,$14.99,T35278,0,YES,No reviews
2023-02-17 09:54:36.275638,Hobbyco,1/24 RALLY MECHANICS SET,$32.99,T24266,0,YES,No reviews
2023-02-17 09:54:36.275638,Hobbyco,1/35 JERRY CAN SET,$6.99,T35026,0,YES,No reviews
2023-02-17 09:54:36.275638,Hobbyco,1/35 BRITISH SAS PINK PANTHER,$24.99,T35076,0,YES,No reviews
2023-02-17 09:54:36.275638,Hobbyco,HANOMAG SD.KFZ. 251/1,$24.99,T35020,0,YES,No reviews
2023-02-17 09:54:36.275638,Hobbyco,1/35 BRITISH TANK A34 COMET,$79.99,T35380,0,YES,No reviews
2023-02-17 09:54:36.275638,Hobbyco,1/35 GERMAN FRONTLINE INFANTRYMEN,$14.99,T35196,0,YES,No reviews
2023-02-17 09:54:36.275638,Hobbyco,1/48 US ARMY INFANTRY,$24.99,T32513,0,YES,No reviews
2023-02-17 09:54:36.275638,Hobbyco,1/35 SCALE GERMAN TANK PANZERKAMPFWAGEN IV AUSF. G,Sale price,T35378,0,YES,No reviews
2023-02-17 09:54:36.275638,Hobbyco,1/35 SAND BAG SET,$6.99,T35025,0,YES,No reviews
2023-02-17 09:54:36.275638,Hobbyco,1/35 GERMAN 7.5CM ANTI TANK GUN PAK 40/L46,$12.99,T35047,0,YES,No reviews
2023-02-17 09:54:36.275638,Hobbyco,135 GERMAN STURMGESCHUTZ IV SD.KFZ.163,$29.99,T35087,0,YES,No reviews
2023-02-17 09:54:36.275638,Hobbyco,1/35 GERMAN 20MM FLAKVIERLING 38 MITSD.AH.52,$12.99,T35091,0,YES,No reviews
2023-02-17 09:54:36.275638,Hobbyco,1/35 BARRICADE SET,$6.99,T35027,0,YES,No reviews
2023-02-17 09:54:36.275638,Hobbyco,1/35 GERMAN KUBELWAGEN TYPE 82,$24.99,T35213,0,YES,No reviews
2023-02-17 09:54:36.275638,Hobbyco,1/35 US MEDIUM TANK M4A3 SHERMAN W/ 105MM HOWITZER ASSAULT SUPPORT,$52.99,T35251,0,YES,No reviews
2023-02-17 09:54:36.275638,Hobbyco,1/48 GERMAN INFANTRY SET,Sale price,T32512,0,YES,No reviews
2023-02-17 09:54:36.275638,Hobbyco,1/48 RUSSIAN MEDIUM TANK T3485,$42.99,T32599,0,YES,No reviews
2023-02-17 09:54:36.275638,Hobbyco,1/35 TENT SET,$9.99,T35074,0,YES,No reviews
2023-02-17 09:54:36.275638,Hobbyco,1/35 GERMAN TANK CREW AT REST,$14.99,T35201,0,YES,No reviews
2023-02-17 09:54:36.275638,Hobbyco,148 JGSDF LIGHT ARMORED VEHICLE,Sale price,T32590,0,YES,No reviews
2023-02-17 09:54:36.275638,Hobbyco,1/35 GERMAN 8 TON SD.KFZ 7/1,$42.99,T35050,0,YES,No reviews
2023-02-17 09:54:36.275638,Hobbyco,1/35 GER. TIGER 1 MI D PRODUCTION,$56.99,T35194,0,YES,No reviews
2023-02-17 09:54:36.275638,Hobbyco,T35376 1/35 US TANK DESTROYER M18 HELLCAT,$72.99,T35376,0,YES,No reviews
2023-02-17 09:54:36.275638,Hobbyco,1/35 M4 SHERMAN EARLY PROD.,$44.99,T35190,0,YES,No reviews
2023-02-17 09:54:36.275638,Hobbyco,1/35 GERMAN HORCH TYPE 1A,$24.99,T35052,0,YES,No reviews
2023-02-17 09:54:36.275638,Hobbyco,1/35 SCHWIMMWAGEN TYPE 166,$24.99,T35224,0,YES,No reviews
2023-02-17 09:54:36.275638,Hobbyco,1/48 GERMAN TANK DESTROYER JAGDPANTHER LATE VERSION,Sale price,T32522,0,YES,No reviews
2023-02-17 09:54:36.275638,Hobbyco,1/35 LIVESTOCK SET,Sale price,T35128,0,YES,No reviews
2023-02-17 09:54:36.275638,Hobbyco,1/48 JERRY CAN SET,$14.99,T32510,0,YES,No reviews
2023-02-17 09:54:36.275638,Hobbyco,1/35 GERMAN TANK PANZERKAMPFWAGEN IV AUSF.F,$76.99,T35374,0,YES,No reviews
2023-02-17 09:54:36.275638,Hobbyco,135 PANZERKAMPFWAGEN IV AUSF. J SD.KFZ.1612,$59.99,T35181,0,YES,No reviews
2023-02-17 09:54:36.275638,Hobbyco,148 JAPANESE NAVY KOMATSU G40 BULLDOZER,Sale price,T32565,0,YES,No reviews
2023-02-17 09:54:36.275638,Hobbyco,135 GERMAN KUBELWAGEN TYPE 82,$26.99,T35238,0,YES,No reviews
2023-02-17 09:54:36.275638,Hobbyco,1/35 GERMAN INFANTRY WEAPONS SET,$6.99,T35111,0,YES,No reviews
2023-02-17 09:54:36.275638,Hobbyco,1/35 BRITISH 25PDR FIELD GUN AND QUAD GUN TRACTOR CANADIAN FORD FGT,$34.99,T35044,0,YES,No reviews
2023-02-17 09:54:36.275638,Hobbyco,1/48 M4 A1 SHERMAN TANK,$44.99,T32523,0,YES,No reviews
2023-02-17 09:54:36.275638,Hobbyco,1/48 US M4 SHERMAN EARLY PRODUCTION,$44.99,T32505,0,YES,No reviews
2023-02-17 09:54:36.275638,Hobbyco,1/48 GERMAN AIRCRAFT POWER SUPPLY UNIT AND KETTENKRAFTRAD,Sale price,T32533,0,YES,No reviews
2023-02-17 09:54:36.275638,Hobbyco,1/35 US GUN AND MORTAR TEAM,$9.99,T35086,0,YES,No reviews
2023-02-17 09:54:36.275638,Hobbyco,1/35 US TANK DESTROYER M10 MID PRODUCTION,$72.99,T35350,0,YES,No reviews
2023-02-17 09:54:36.275638,Hobbyco,135 RUSSIAN ARMY TANK T72M1,$59.99,T35160,0,YES,No reviews
2023-02-17 09:54:36.275638,Hobbyco,1/35 US 2.5 TON 6 X 6 CARGO TRUCK ACCESORY PARTS SET,Sale price,T35231,0,YES,No reviews
2023-02-17 09:54:36.275638,Hobbyco,1/35 PANTHER TYPE G LATE VERSION,$59.99,T35176,0,YES,No reviews
2023-02-17 09:54:36.275638,Hobbyco,135 GERMAN KING TIGER PRODUCTION TURRET,$59.99,T35164,0,YES,No reviews
2023-02-17 09:54:36.275638,Hobbyco,1/35 US INFANTRY WEAPONS SET,$9.99,T35121,0,YES,No reviews
2023-02-17 09:54:36.275638,Hobbyco,1/35 M151A2 W/TOW MISSILE,$14.99,T35125,0,YES,No reviews
2023-02-17 09:54:36.275638,Hobbyco,1/35 BRITISH UNIVERSAL CARRIER MK.II,$32.99,T35249,0,YES,No reviews
2023-02-17 09:54:36.275638,Hobbyco,1/35 MTL. SPW SD.KFZ 251/1 AUSF.D,$42.99,T35195,0,YES,No reviews
2023-02-17 09:54:36.275638,Hobbyco,1/35 GERMAN 8WHEELED HEAVY ARMORED CAR SD.KFZ.232 AFRICACORPS,$72.99,T35297,0,YES,No reviews
2023-02-17 09:54:36.275638,Hobbyco,135 JAPANESE MEDIUM TANK TYPE 97 CHIHA,$24.99,T35075,0,YES,No reviews
2023-02-17 09:54:36.275638,Hobbyco,1/35 SD.KFZ. 234/1 W/2CM GUN,$84.99,T37019,0,YES,No reviews
2023-02-17 09:54:36.275638,Hobbyco,T32603 1/48 GERMAN HEAVY TANK TIGER I EARLY PRODUCTION,$42.99,T32603,0,YES,No reviews
2023-02-17 09:54:36.275638,Hobbyco,1/35 GERMAN ASSAULT TROOPS,$9.99,T35030,0,YES,No reviews
2023-02-17 09:54:36.275638,Hobbyco,GERMAN 37MM ANTITANK GUN,$9.99,T35035,0,YES,No reviews
2023-02-17 09:54:36.275638,Hobbyco,1/35 RUSSIAN HEAVY TANK JS2 MODEL 1944 CHKZ,$79.99,T35289,0,YES,No reviews
2023-02-17 09:54:36.275638,Hobbyco,1/35 CROMWELL MK.IV BRITISH BATTLE CRUISER TANK MK.VIII A27M,$52.99,T35221,0,YES,No reviews
2023-02-17 09:54:36.275638,Hobbyco,1/35 GERMAN TANK DESTROYER MARDER III M NORMANDY FRONT,Sale price,T35364,0,YES,No reviews
2023-02-17 09:54:36.275638,Hobbyco,1/35 US MEDIUM TANK M4A3E8 SHERMAN EASY EIGHT KOREAN WAR,$74.99,T35359,0,YES,No reviews
2023-02-17 09:54:36.275638,Hobbyco,135 GERMAN TANK PANZERKAMPFWAGEN 38T AUSF.E/ NEW TOOLING,$54.99,T35369,0,YES,No reviews
2023-02-17 09:54:36.275638,Hobbyco,1/35 GERMAN KING TIGER W/ PORSCHE TURRET,$59.99,T35169,0,YES,No reviews
2023-02-17 09:54:36.275638,Hobbyco,1/35 RUS. ARMY ASSAULT INFANTRY,$24.99,T35207,0,YES,No reviews
2023-02-17 09:54:36.275638,Hobbyco,1/48 US M4A3E8 SHERM AN EASY EIGHT TANK,$44.99,T32595,0,YES,No reviews
2023-02-17 09:54:36.275638,Hobbyco,T35375 1/35 RUSSIAN HEAVY TANK KV2,$86.99,T35375,0,YES,No reviews
2023-02-17 09:54:36.275638,Hobbyco,148 WWII US ARMY INFANTRY AT REST,Sale price,T32552,0,YES,No reviews
2023-02-17 09:54:36.275638,Hobbyco,1/48 BRITISH SHERMAN IC FIREFLY,$44.99,T32532,0,YES,No reviews
2023-02-17 09:54:36.275638,Hobbyco,1/35 GER. SOLD. FIEL D BRIEFING,$19.99,T35212,0,YES,No reviews
2023-02-17 09:54:36.275638,Hobbyco,148 US 2.5TON 6X6 CARGO TRUCK,Sale price,T32548,0,YES,No reviews
2023-02-17 09:54:36.275638,Hobbyco,1/48 TIGER I LATE,$44.99,T32575,0,YES,No reviews
2023-02-17 09:54:36.275638,Hobbyco,T32515 1/48 T34/76 1941 CAST TURRET,$44.99,T32515,0,YES,No reviews
2023-02-17 09:54:36.275638,Hobbyco,1/35 GERMAN TANK AMMO LOADING CREW,$14.99,T35188,0,YES,No reviews
2023-02-17 09:54:36.275638,Hobbyco,1/35 HUMMEL LATE PRODUCTION,$86.99,T35367,0,YES,No reviews
2023-02-17 09:54:36.275638,Hobbyco,1/35 WEST GERMAN TANK M47 PATTON,$86.99,T37028,0,YES,No reviews
2023-02-17 09:54:36.275638,Hobbyco,1/35 GERMAN 88MM GUN FLAK 36 NORTH AFRICAN CAMPAIGN,$59.99,T35283,0,YES,No reviews
2023-02-17 09:54:36.275638,Hobbyco,135 RUSSIAN TANK BT7 MODEL 1935,$79.99,T35309,0,YES,No reviews
2023-02-17 09:54:36.275638,Hobbyco,1/35 M3A1 SCOUT CAR,$69.99,T35363,0,YES,No reviews
2023-02-17 09:54:36.275638,Hobbyco,1/35 SD.KFZ.223 W/PHOTO ETCHED PART,$34.99,T35268,0,YES,No reviews
2023-02-17 09:54:36.275638,Hobbyco,1/35 M109A6 PALADIN IRAQ WAR,$84.99,T37026,0,YES,No reviews
2023-02-17 09:54:36.275638,Hobbyco,1/35 BRITISH INFANTRY ON PATROL,$14.99,T35223,0,YES,No reviews
2023-02-17 09:54:36.275638,Hobbyco,1/35 KRUPP PROTZE 1TON 6X4 KFZ.69 TOWING TRUCK W/3.7CM PAK,$49.99,T35259,0,YES,No reviews
2023-02-17 09:54:36.275638,Hobbyco,1/35 JAPANESE ARMY INFANTRY,$6.99,T35090,0,YES,No reviews
2023-02-17 09:54:36.275638,Hobbyco,1/48 GERMAN TANK PANZERKAMPFWAGEN IV AUSF.H LATE PRODUCTION,Sale price,T32584,0,YES,No reviews
2023-02-17 09:54:36.275638,Hobbyco,1/35 US 2.5 TON 6X6 CARGO TRUCK,$52.99,T35218,0,YES,No reviews
2023-02-17 09:54:36.275638,Hobbyco,1/35 GER. MARDER 111 T/DESTROYER,$56.99,T35248,0,YES,No reviews
2023-02-17 09:54:36.275638,Hobbyco,135 SIMCA 5 STAFF CAR GERMAN ARMY,Sale price,T35321,0,YES,No reviews
2023-02-17 09:54:36.275638,Hobbyco,148 BRITISH LIGHT UTILITY CAR 10HP,Sale price,T32562,0,YES,No reviews
2023-02-17 09:54:36.275638,Hobbyco,1/35 WEHRMACHT TANK CREW SET,$32.99,T35354,0,YES,No reviews
2023-02-17 09:54:36.275638,Hobbyco,1/35 T34/76 CHTZ VERSION,$36.99,T35149,0,YES,No reviews
2023-02-17 09:54:36.275638,Hobbyco,1/35 M10 LLC ACHILLES,$72.99,T35366,0,YES,No reviews
2023-02-17 09:54:36.275638,Hobbyco,1/35 US M113 APC,$34.99,T35040,0,YES,No reviews
2023-02-17 09:54:36.275638,Hobbyco,1/35 MATILDA MK.III/IV BRITISH INFANTRY TANK MK.IIA,$62.99,T35300,0,YES,No reviews
2023-02-17 09:54:36.275638,Hobbyco,1/35 US ARMY SELF PROPELLED AA GUN M42 DUSTER,$49.99,T35161,0,YES,No reviews
2023-02-17 09:54:36.275638,Hobbyco,1/48 RUSSIAN MEDIUM TANK T55,$42.99,T32598,0,YES,No reviews
2023-02-17 09:54:36.275638,Hobbyco,1/35 GERMAN TANK ENGINE MAINTENANCE CREW,$22.99,T35180,0,YES,No reviews
2023-02-17 09:54:36.275638,Hobbyco,1/35 US UTILITY TRUCK M151A1 VIETNAM WAR,Sale price,T35334,0,YES,No reviews
2023-02-17 09:54:36.275638,Hobbyco,1/48 CHALLENGER 2 DESERTISED,$44.99,T32601,0,YES,No reviews
2023-02-17 09:54:36.275638,Hobbyco,1/35 GERMAN PZKFW IV AUSF.D,$32.99,T35096,0,YES,No reviews
2023-02-17 09:54:36.275638,Hobbyco,1/35 JGSDF LIGHT ARMORED VEHICLE,Sale price,T35368,0,YES,No reviews
2023-02-17 09:54:36.275638,Hobbyco,1/35 PZ.KPFW IV ONV EQUIPMENT,$9.99,T35185,0,YES,No reviews
2023-02-17 09:54:36.275638,Hobbyco,1/35 SOVIET TANK T55,$69.99,T35257,0,YES,No reviews
2023-02-17 09:54:36.275638,Hobbyco,135 GERMAN INFANTRY SET MIDWWII,$32.99,T35371,0,YES,No reviews
2023-02-17 09:54:36.275638,Hobbyco,1/48 GERMAN SELF PROPELLED HEAVY ANTITANK GUN NASHORN,$46.99,T32600,0,YES,No reviews
2023-02-17 09:54:36.275638,Hobbyco,1/35 RUSSIAN HEAVY TANK KV1 1941 EARLY PRODUCTION,$86.99,T35372,0,YES,No reviews
2023-02-17 09:54:36.275638,Hobbyco,1/48 WWII GERMAN AFRICA CORPS INFANTRY SET,Sale price,T32561,0,YES,No reviews
2023-02-17 09:54:36.275638,Hobbyco,1/48 BRITISH CRUSADER ANTIAIRCRAFT TANK MK.III,Sale price,T32546,0,YES,No reviews
2023-02-17 09:54:36.275638,Hobbyco,1/35 RUSSIAN SELFPROPELLED GUN SU76M,$72.99,T35348,0,YES,No reviews
2023-02-17 09:54:36.275638,Hobbyco,1/35 US SELFPROPELLED 155MM GUN M40,$119.99,T35351,0,YES,No reviews
2023-02-17 09:54:36.275638,Hobbyco,1/35 RUSSIAN HEAVY SELFPROPELLED GUN JSU152,$79.99,T35303,0,YES,No reviews
2023-02-17 09:54:36.275638,Hobbyco,135 PANZERKAMPFWAGEN V PANTHER SD.KFZ.171 AUSF.A,$29.99,T35065,0,YES,No reviews
2023-02-17 09:54:36.275638,Hobbyco,1/35 GERMAN 88MM GUN FLAK 36/37 EUROPE,$42.99,T35017,0,YES,No reviews
2023-02-17 09:54:36.275638,Hobbyco,1/48 GERMAN PANZERKAMPFWAGEN 38T AUSF.E/F,Sale price,T32583,0,YES,No reviews
2023-02-17 09:54:36.275638,Hobbyco,1/48 CHURCHILL MK.VII CROCODILE TANK,Sale price,T32594,0,YES,No reviews
2023-02-17 09:54:36.275638,Hobbyco,148 JAGDPANZER 38T HETZER MID PRODUCTION,Sale price,T32511,0,YES,No reviews
2023-02-17 09:54:36.275638,Hobbyco,1/35 WWI BRITISH INFANTRY SET,$26.99,T35339,0,YES,No reviews
2023-02-17 09:54:36.275638,Hobbyco,1/48 US M20 ARMOURED UTILITY,Sale price,T32556,0,YES,No reviews
2023-02-17 09:54:36.275638,Hobbyco,1/48 BRITISH TANK DESTROYER M10 IIC ACHILLES,$42.99,T32582,0,YES,No reviews
2023-02-17 09:54:36.275638,Hobbyco,1/48 GERMAN PANTHER AUSF G.,$49.99,T32520,0,YES,No reviews
2023-02-17 09:54:36.275638,Hobbyco,135 GERMAN 18T HEAVY HALFTRACK FAMO AND TANK TRANSPORTER SD.AH.116,$194.99,T35246,0,YES,No reviews
2023-02-17 09:54:36.275638,Hobbyco,1/48 BRICK WALL SET,$19.99,T32508,0,YES,No reviews
2023-02-17 09:54:36.275638,Hobbyco,148 US 2.5T 6X6 AIRFIELD FUEL TRUCK,$44.99,T32579,0,YES,No reviews
2023-02-17 09:54:36.275638,Hobbyco,148 SD.KFZ.2 KLEINES KETTENKRAFTRAD W/ INFANTRY CART AND GOLIATH DEMOLITION VEHICLE,$24.99,T32502,0,YES,No reviews
2023-02-17 09:54:36.275638,Hobbyco,1/48 GERMAN TANK PANTHER AUSF.D,$49.99,T32597,0,YES,No reviews
2023-02-17 09:54:36.275638,Hobbyco,1/48 MATILDA MK.III/ IV BRITISH INF. TANK,$44.99,T32572,0,YES,No reviews
2023-02-17 09:54:36.275638,Hobbyco,135 GERMAN ARMOURED RAILWAY VEHICLE P204F,$82.99,T32413,0,YES,No reviews
2023-02-17 09:54:36.275638,Hobbyco,1/35 CITROEN TRACTION 11CV STAFF CAR,$39.99,T35301,0,YES,No reviews
2023-02-17 09:54:36.275638,Hobbyco,135 JGSDF TYPE 90 TANK AND TYPE 73 LIGHT TRUCK SET LIMITED EDITION,$99.99,T25186,0,YES,No reviews
2023-02-17 09:54:36.275638,Hobbyco,1/48 GERMAN FLAKPANZER IV WIRBELWIND,$49.99,T32544,0,YES,No reviews
2023-02-17 09:54:36.275638,Hobbyco,1/35 FRENCH MEDIUM TANK SOMUA S35,$74.99,T35344,0,YES,No reviews
2023-02-17 09:54:36.275638,Hobbyco,135 GERMAN PANZERKAMPFWAGEN III AUSF.N SD.KFZ.1412,$84.99,T35290,0,YES,No reviews
2023-02-17 09:54:36.275638,Hobbyco,1/35 HORCH KFZ.15 N. AFRICA,$62.99,T37015,0,YES,No reviews
2023-02-17 09:54:36.275638,Hobbyco,1/35 SEMOVENTE M42 DA 75/34 GERMAN ARMY,$79.99,T37029,0,YES,No reviews
2023-02-17 09:54:36.275638,Hobbyco,1/35 GERMAN JAGDPANZER IV/70V LANG SD.KFZ.162/1,$82.99,T35340,0,YES,No reviews
2023-02-17 09:54:36.275638,Hobbyco,1/48 GERMAN FLAKPANZER IV MOBELWAGEN W/ FLAK 43,Sale price,T32573,0,YES,No reviews
2023-02-17 09:54:36.275638,Hobbyco,1/35 FRENCH ARMOURED CAR AMD35 1940,$54.99,T32411,0,YES,No reviews
2023-02-17 09:54:36.275638,Hobbyco,1/35 FRENCH MAIN BATTLE TANK LECLERC SE2,$92.99,T35362,0,YES,No reviews
2023-02-17 09:54:36.275638,Hobbyco,1/48 STEYR TYPE 1500A/01,Sale price,T32549,0,YES,No reviews
2023-02-17 09:54:36.275638,Hobbyco,1/35 TYPE 61 TANK,$42.99,T35163,0,YES,No reviews
2023-02-17 09:54:36.275638,Hobbyco,1/35 TAMIYA U.S. INFANTRY SCOUT SET,$32.99,T35379,0,YES,No reviews
2023-02-17 09:54:36.275638,Hobbyco,1/35 GERMAN TANK DESTROYER HETZER MID PRODUCTION,$69.99,T35285,0,YES,No reviews
2023-02-17 09:54:36.275638,Hobbyco,1/35 STURMGESCHUTZ III AUSF. B,$62.99,T35281,0,YES,No reviews
2023-02-17 09:54:36.275638,Hobbyco,1/48 GERMAN PZ.KPFW. III AUSF.N,Sale price,T32543,0,YES,No reviews
2023-02-17 09:54:36.275638,Hobbyco,1/35 GERMAN 3 TON 4X2 CARGO TRUCK,$54.99,T35291,0,YES,No reviews
2023-02-17 09:54:36.275638,Hobbyco,135 JGSDF RECONNAISANCE MOTORCYCLE AND HIGH MOBILITY VEHICLE SET LIMITED EDITION,$99.99,T25188,0,YES,No reviews
2023-02-17 09:54:36.275638,Hobbyco,1/48 GERMAN HEAVY TANK DESTROYER JAGDTIGER EARLY PRODUCTION SD.KFZ.186,$44.99,T32569,0,YES,No reviews
2023-02-17 09:54:36.275638,Hobbyco,1/35 FRENCH LIGHT TANK AMX13,$79.99,T35349,0,YES,No reviews
2023-02-17 09:54:36.275638,Hobbyco,1/48 US MODERN 4 X 4 UTILITY VEHICLE CARGO TYPE,Sale price,T32563,0,YES,No reviews
2023-02-17 09:54:36.275638,Hobbyco,1/48 GERMAN HEAVY TRACTOR SS100,Sale price,T32593,0,YES,No reviews
2023-02-17 09:54:36.275638,Hobbyco,148 GERMAN TRANSPORT VEHICLE HORCH TYPE 1A,Sale price,T32586,0,YES,No reviews
2023-02-17 09:54:36.275638,Hobbyco,1/35 US M113A2 ARMOURED PERSONNEL CARRIER DESERT VERSION,$49.99,T35265,0,YES,No reviews
2023-02-17 09:54:36.275638,Hobbyco,1/35 GERMAN STEYR TYPE 1500A S.GL.PKW KOMMANDEURWAGEN,$44.99,T35235,0,YES,No reviews
2023-02-17 09:54:36.275638,Hobbyco,1/35 1TON HALFTRACK SD.KFZ. 10,$76.99,T37016,0,YES,No reviews
2023-02-17 09:54:36.275638,Hobbyco,1/35 RUSSIAN TANK BT7 MODEL 1937,$79.99,T35327,0,YES,No reviews
2023-02-17 09:54:36.275638,Hobbyco,1/48 RUSSIAN SU122,Sale price,T32527,0,YES,No reviews
2023-02-17 09:54:36.275638,Hobbyco,1/35 ISRAELI TANK M51,Sale price,T35323,0,YES,No reviews
2023-02-17 09:54:36.275638,Hobbyco,135 JAPANESE TYPE 1 SELFPROPELLED GUN AND KUROGANE 4X4 SET LIMITED EDITION,$99.99,T25187,0,YES,No reviews
2023-02-17 09:54:36.275638,Hobbyco,148 RUSSIAN ARMORED CAR BA64B,Sale price,T32576,0,YES,No reviews
2023-02-17 09:54:36.275638,Hobbyco,1/35 GERMAN SELF PROPELLED AA GUN MOBELWAGEN SD.KFZ.161/3 MOBELWAGEN 3.7CM FLAK AUF FGST PZ.KPFW. I,Sale price,T35237,0,YES,No reviews
2023-02-17 09:54:36.275638,Hobbyco,1/48 WWII FAMOUS GENERALS SET,$24.99,T32557,0,YES,No reviews
2023-02-17 09:54:36.275638,Hobbyco,1/48 STURMGESCHUTZ 111,$44.99,T32525,0,YES,No reviews
2023-02-17 09:54:36.275638,Hobbyco,135 WWII GERMAN FIELD MILITARY POLICE SET,$26.99,T35320,0,YES,No reviews
2023-02-17 09:54:36.275638,Hobbyco,1/35 US 40 TON TANK TRANSPORTER,$179.99,T35230,0,YES,No reviews
2023-02-17 09:54:36.275638,Hobbyco,1/48 WWII RUSSIAN INFANTRY AND TANK CREW,$22.99,T32521,0,YES,No reviews
2023-02-17 09:54:36.275638,Hobbyco,1/35 STURMGESCHUTZ III AUSF.G FINNISH ARMY,$52.99,T35310,0,YES,No reviews
2023-02-17 09:54:36.275638,Hobbyco,1/35 GERMAN FIELD KI TN SCENERY,$24.99,T35247,0,YES,No reviews
2023-02-17 09:54:36.275638,Hobbyco,1/35 BRITISH INFANTRY TANK MK.III VALENTINE MK.II/IV,$69.99,T35352,0,YES,No reviews
2023-02-17 09:54:36.275638,Hobbyco,1/35 BRIT. UNI. CARRIER MKII,$29.99,T35175,0,YES,No reviews
2023-02-17 09:54:36.275638,Hobbyco,1/35 GERMAN SOLDIERS W/ BICYCLES,$14.99,T35240,0,YES,No reviews
2023-02-17 09:54:36.275638,Hobbyco,1/35 GERMAN FUEL DRU M SET,$12.99,T35186,0,YES,No reviews
2023-02-17 09:54:36.275638,Hobbyco,1/35 JEEP WILLYS MB 1/4TON 4X4 TRUCK,$29.99,T35219,0,YES,No reviews
2023-02-17 09:54:36.275638,Hobbyco,1/35 US ARMY INFANTRY,$6.99,T35013,0,YES,No reviews
2023-02-17 09:54:36.275638,Hobbyco,1/35 PANZERKAMPFWAGEN IV,$54.99,T35209,0,YES,No reviews
2023-02-17 09:54:36.275638,Hobbyco,1/35 GERMAN 38MM ASSAULT MORTAR,$62.99,T35177,0,YES,No reviews
2023-02-17 09:54:36.275638,Hobbyco,1/35 GERMAN TIGER I EARLY PRODUCTION,$56.99,T35216,0,YES,No reviews
2023-02-17 09:54:36.275638,Hobbyco,135 US MARINE M60A1 W/ REACTIVE ARMOR,$52.99,T35157,0,YES,No reviews
2023-02-17 09:54:36.275638,Hobbyco,1/35 US M1A1 ABRAMS,$49.99,T35156,0,YES,No reviews
2023-02-17 09:54:36.275638,Hobbyco,1/35 PANZERKAMPFWAGEN IV SD.KFZ.181 AUSF.E LATE VERSION,$64.99,T35146,0,YES,No reviews
2023-02-17 09:54:36.275638,Hobbyco,1/35 US LIGHT TANK M3 STUART LATE PRODUCTION,$59.99,T35360,0,YES,No reviews
2023-02-17 09:54:36.275638,Hobbyco,1/35 JAGDPANTHER LAT E VERSION,$49.99,T35203,0,YES,No reviews
2023-02-17 09:54:36.275638,Hobbyco,1/35 6X4 TRUCK KRUPP PROTZE PERSONNEL CARRIER KFZ.70,Sale price,T35317,0,YES,No reviews
2023-02-17 09:54:36.275638,Hobbyco,1/35 US NAVY PBR MKII PIBBER,$56.99,T35150,0,YES,No reviews
2023-02-17 09:54:36.275638,Hobbyco,135 GERMAN FIELD MAINTENANCE TEAM AND EQUIPMENT SET,$42.99,T37023,0,YES,No reviews
2023-02-17 09:54:36.275638,Hobbyco,135 MODERN US MILITARY EQUIPMENT SET,$19.99,T35266,0,YES,No reviews
2023-02-17 09:54:36.275638,Hobbyco,1/35 GER. MACHINE GUN CREW,$14.99,T35184,0,YES,No reviews
2023-02-17 09:54:36.275638,Hobbyco,1/35 GERMAN PANZER DIVISION FRONTLINE RECONNAISSANCE TEAM,$14.99,T35253,0,YES,No reviews
2023-02-17 09:54:36.275638,Hobbyco,1/35 US ARMY ASSAULT INFANTRY SET,$14.99,T35192,0,YES,No reviews
2023-02-17 09:54:36.275638,Hobbyco,1/48 KING TIGER PRODUCTION TURRET,$49.99,T32536,0,YES,No reviews
2023-02-17 09:54:36.275638,Hobbyco,1/35 JGSDF TYPE 10 TANK,$86.99,T35329,0,YES,No reviews
2023-02-17 09:54:36.275638,Hobbyco,1/35 GERMAN TANK PANTHER AUSF.D PZ.KPFW. PANTHER AUSF.D SD.KFZ.171,$82.99,T35345,0,YES,No reviews
2023-02-17 09:54:36.275638,Hobbyco,1/35 US MEDIUM TANK M4A3 SHERMAN,$52.99,T35250,0,YES,No reviews
2023-02-17 09:54:36.275638,Hobbyco,1/35 M2A2 ODS INFANTRY FIGHTING VEHICLE BRADLEY,$69.99,T35264,0,YES,No reviews
2023-02-17 09:54:36.275638,Hobbyco,1/35 US MEDIUM TANK M26 PERSHING T26E3,$66.99,T35254,0,YES,No reviews
2023-02-17 09:54:36.275638,Hobbyco,1/35 US M113 ACAV,$34.99,T35135,0,YES,No reviews
2023-02-17 09:54:36.275638,Hobbyco,1/35 US M48A3 PATTON,$34.99,T35120,0,YES,No reviews
2023-02-17 09:54:36.275638,Hobbyco,135 JSFDF TYPE 74 TANK WINTER VERSION,$42.99,T35168,0,YES,No reviews
2023-02-17 09:54:36.275638,Hobbyco,1/72 JAS39A GRIPEN,$29.99,T60759,0,YES,No reviews
2023-02-17 09:54:36.275638,Hobbyco,1/35 GERMAN PIONEER AND GOLIATH SET,Sale price,T35357,0,YES,No reviews
2023-02-17 09:54:36.275638,Hobbyco,1/35 US TANK CREW SET EUROPEAN THEATER,Sale price,T35347,0,YES,No reviews
2023-02-17 09:54:36.275638,Hobbyco,1/35 JAPANESE ARMY OFFICER SET,Sale price,T35341,0,YES,No reviews
2023-02-17 09:54:36.275638,Hobbyco,148 GERMAN 3T 4X2 CARGO TRUCK,Sale price,T32585,0,YES,No reviews
2023-02-17 09:54:36.275638,Hobbyco,1/35 GERMAN ASST.INF ANTRY W/WINTER GEAR,$19.99,T35256,0,YES,No reviews
2023-02-17 09:54:36.275638,Hobbyco,1/48 BRITISH ARMORED SCOUT CAR DINGO MK.II,$26.99,T32581,0,YES,No reviews
2023-02-17 09:54:36.275638,Hobbyco,148 GERMAN 20MM FLAKVIERLING 38,Sale price,T32554,0,YES,No reviews
2023-02-17 09:54:36.275638,Hobbyco,1/48 BRITISH CROMWELL TANK,$44.99,T32528,0,YES,No reviews
2023-02-17 09:54:36.275638,Hobbyco,148 WWII BRITISH INFANTRY SET EUROPEAN CAMPAIGN,$24.99,T32526,0,YES,No reviews
2023-02-17 09:54:36.275638,Hobbyco,1/48 PANZERKAMPFWAGEN IV AUSF.J SD.KFZ.161/2,$44.99,T32518,0,YES,No reviews
2023-02-17 09:54:36.275638,Hobbyco,1/35 RUSSIAN TANK T34/76 1943 PRODUCTION MODEL,$34.99,T35059,0,YES,No reviews
2023-02-17 09:54:36.275638,Hobbyco,1/48 ROAD SIGN SET,Sale price,T32509,0,YES,No reviews
2023-02-17 09:54:36.275638,Hobbyco,1/35 GERMAN JERRY CAN SET EARLY TYPE,$9.99,T35315,0,YES,No reviews
2023-02-17 09:54:36.275638,Hobbyco,1/48 GERMAN LUFTWAFFE CREW WINTER,Sale price,T32412,0,YES,No reviews
2023-02-17 09:54:36.275638,Hobbyco,T35171 PANTHER G SEPARATE TRACK LINKS,$34.99,T35171,0,YES,No reviews
2023-02-17 09:54:36.275638,Hobbyco,1/35 W.GER.FLAKPANZE R GEPARD,$34.99,T35099,0,YES,No reviews
2023-02-17 09:54:36.275638,Hobbyco,1/48 GERMAN PZKPFW. III AUSF.L,$44.99,T32524,0,YES,No reviews
2023-02-17 09:54:36.275638,Hobbyco,1/48 US TANK DESTROYER M10 MID PRODUCTION,$44.99,T32519,0,YES,No reviews
2023-02-17 09:54:36.275638,Hobbyco,1/35 JAPAN GROUND SELF DEFENSE MCV TP.16,$92.99,T35361,0,YES,No reviews
2023-02-17 09:54:36.275638,Hobbyco,1/48 WWII WEHRMACHT INFANTRY SET,$29.99,T32602,0,YES,No reviews
2023-02-17 09:54:36.275638,Hobbyco,135 GERMAN AFRICA CORPS LUFTWAFFE ARTILLERY SET,Sale price,T35343,0,YES,No reviews
2023-02-17 09:54:36.275638,Hobbyco,1/35 GERMAN SD.KFZ.2 KETTENKRAFTRAD MIDPRODUCTION,$44.99,T35377,0,YES,No reviews
2023-02-17 09:54:36.275638,Hobbyco,1/48 STURMGESCHUTZ 111 AUSF.B,Sale price,T32507,0,YES,No reviews
2023-02-17 09:54:36.275638,Hobbyco,1/35 MOUNTED INFANTRY SET,$9.99,T35053,0,YES,No reviews
2023-02-17 09:54:36.275638,Hobbyco,T32570 1/48 PANZER II A/B/C FRENCH,$39.99,T32570,0,YES,No reviews
2023-02-17 09:54:36.275638,Hobbyco,1/35 SD.KFZ.166 STURMPANZER IV GERMAN ASSAULT TANK IV BRUMMBAR LATE PRODUCTION,$79.99,T35353,0,YES,No reviews
2023-02-17 09:54:36.275638,Hobbyco,T32571 1/48 RUSSIAN JS2 MODEL 1944,$44.99,T32571,0,YES,No reviews
2023-02-17 09:54:36.275638,Hobbyco,1/35 GERMAN HEAVY TANK DESTROYER ELEFANT SD.KFZ.184 SCHWERER JAGDPANZER,$94.99,T35325,0,YES,No reviews
2023-02-17 09:54:36.275638,Hobbyco,1/35 STUG III AUSF.G EARLY VERSION,$52.99,T35197,0,YES,No reviews
2023-02-17 09:54:36.275638,Hobbyco,1/35 GERMAN PZ.KPFW III AUSF.L,$52.99,T35215,0,YES,No reviews
2023-02-17 09:54:36.275638,Hobbyco,148 MTL. SPW. SD.KFZ. 2511 AUSF.D,$39.99,T32564,0,YES,No reviews
2023-02-17 09:54:36.275638,Hobbyco,1/48 GERMAN 38CM ASSAULT MORTAR STURMTIGER,$44.99,T32591,0,YES,No reviews
2023-02-17 09:54:36.275638,Hobbyco,1/35 ISRAELI MERKAVA MBT,$34.99,T35127,0,YES,No reviews
2023-02-17 09:54:36.275638,Hobbyco,1/35 BRITISH MAIN BATTLE TANK CHALLENGER 1 MK.3,$54.99,T35154,0,YES,No reviews
2023-02-17 09:54:36.275638,Hobbyco,1/35 GERMAN TANK DESTROYER JAGDPANZER MARDER I SD.KFZ.135,$59.99,T35370,0,YES,No reviews
2023-02-17 09:54:36.275638,Hobbyco,148 BRITISH 7TON ARMORED CAR MK.IV,$34.99,T32587,0,YES,No reviews
2023-02-17 09:54:36.275638,Hobbyco,1/35 FRENCH LIGHT TANK R35,$49.99,T35373,0,YES,No reviews
2023-02-17 09:54:36.275638,Hobbyco,1/35 J.G.S.D.F TYPE 90 TANK,$54.99,T35208,0,YES,No reviews
2023-02-17 09:54:36.275638,Hobbyco,1/48 GERMAN BIKE AND SIDECAR,$24.99,T32578,0,YES,No reviews
2023-02-17 09:54:36.275638,Hobbyco,1/35 GERMAN INFANTRY SET FRENCH CAMPAIGN,$24.99,T35293,0,YES,No reviews
2023-02-17 09:54:36.275638,Hobbyco,1/35 INFANTRY TANK MATILDA MK.III/IV RED ARMY,$79.99,T35355,0,YES,No reviews
2023-02-17 09:54:36.275638,Hobbyco,1/35 JAPAN GROUND SELF DEFENSE FORCE MOTORCYCLE RECONNAISSANCE SET,Sale price,T35245,0,YES,No reviews
2023-02-17 09:54:36.275638,Hobbyco,1/48 JAPAN GROUND SELF DEFENCE FORCE TYPE 16MANEUVER COMBAT VEHICLE,Sale price,T32596,0,YES,No reviews
2023-02-17 09:54:36.275638,Hobbyco,1/35 GERMAN SELFPROPELLED HOWITZER WESPE ITALIAN FRONT,$62.99,T35358,0,YES,No reviews
2023-02-17 09:54:36.275638,Hobbyco,1/35 ITALIAN/GERMAN 508CM COLONIALE STAFF CAR,$62.99,T37014,0,YES,No reviews
2023-02-17 09:54:36.275638,Hobbyco,1/16 WWII GERMAN INFANTRYMAN REVERSIBLE WINTER UNIFORM,Sale price,T36304,0,YES,No reviews
2023-02-17 09:54:36.275638,Hobbyco,1/24 CAMPUS FRIENDS SET II,Sale price,T24356,0,YES,No reviews
2023-02-17 09:54:36.275638,Hobbyco,135 TRICERATOPS DIORAMA SET,Sale price,T60104,0,YES,No reviews
2023-02-17 09:54:36.275638,Hobbyco,T35165 K. TIGER TRACK LINKS,$34.99,T35165,0,YES,No reviews
2023-02-17 09:54:36.275638,Hobbyco,1/16 JGSDF TANK CREW SET,Sale price,T36316,0,YES,No reviews
2023-02-17 09:54:36.275638,Hobbyco,1/35 BRACHIOSAURUS DIORAMA SET,$86.99,T60106,0,YES,No reviews
2023-02-17 09:54:36.275638,Hobbyco,1/16 BUNDESWEHR TANK CREWMAN,Sale price,T36309,0,YES,No reviews
2023-02-17 09:54:36.275638,Hobbyco,135 VELOCIRAPTORS PACK OF 6,$24.99,T60105,0,YES,No reviews
2023-02-17 09:54:36.275638,Hobbyco,1/16 FELDMARSCHALL ROMMEL GERMAN AFRICA CORPS,$24.99,T36305,0,YES,No reviews
2023-02-17 09:54:36.275638,Hobbyco,135 MESOZOIC CREATURES,$24.99,T60107,0,YES,No reviews
2023-02-17 09:54:36.275638,Hobbyco,1/16 GERMAN WEHRMACHT TANK CREWMAN,$22.99,T36301,0,YES,No reviews
2023-02-17 09:54:36.275638,Hobbyco,1/700 WATERLINE SERIES BATTLESHIP YAMATO,$46.99,T31113,0,YES,No reviews
2023-02-17 09:54:36.275638,Hobbyco,1/350 BISMARK,$99.99,T78013,0,YES,No reviews
2023-02-17 09:54:36.275638,Hobbyco,1/350 US BATTLESHIP BB63 MISSOURI 91,$162.99,T78029,0,YES,No reviews
2023-02-17 09:54:36.275638,Hobbyco,1/350 USS ENTERPRISE CVN65,$224.99,T78007,0,YES,No reviews
2023-02-17 09:54:36.275638,Hobbyco,1/700 PRINZ EUGEN GERMAN CRUISER,Sale price,T31805,0,YES,No reviews
2023-02-17 09:54:36.275638,Hobbyco,1/350 GERMAN BATTLESHIP TIRPITZ,$96.99,T78015,0,YES,No reviews
2023-02-17 09:54:36.275638,Hobbyco,1/350 BRITISH BATTLESHIP KING GEORGE V,$114.99,T78010,0,YES,No reviews
2023-02-17 09:54:36.275638,Hobbyco,T31211 TAIHO AIRCRAFT CARRIER,$46.99,T31211,0,YES,No reviews
2023-02-17 09:54:36.275638,Hobbyco,1/700 WATERLINE SERIES BRITISH BATTLE CRUISER REPULSE,$74.99,T31617,0,YES,No reviews
2023-02-17 09:54:36.275638,Hobbyco,1/700 WATERLINE SERIES US NAVY BATTLESHIP BB62 NEW JERSEY,$56.99,T31614,0,YES,No reviews
2023-02-17 09:54:36.275638,Hobbyco,1/350 US BTL/SHIP BB 62 NEW JERSEY F,$156.99,T78028,0,YES,No reviews
2023-02-17 09:54:36.275638,Hobbyco,1/350 JAPANESE BATTLESHIP YAMATO F,$399.99,T78025,0,YES,No reviews
2023-02-17 09:54:36.275638,Hobbyco,1/350 BRITISH BATTLESHIP PRINCE OF WALES,$109.99,T78011,0,YES,No reviews
2023-02-17 09:54:36.275638,Hobbyco,1/350 YAMATO 2013,$142.99,T78030,0,YES,No reviews
2023-02-17 09:54:36.275638,Hobbyco,1/700 USS BOGUE ESCO RT CARRIER,Sale price,T31711,0,YES,No reviews
2023-02-17 09:54:36.275638,Hobbyco,1700 AIRCRAFT CARRIER ZUIKAKU WATER LINE SERIESPEARL HARBOR ATTACK,Sale price,T31223,0,YES,No reviews
2023-02-17 09:54:36.275638,Hobbyco,1/350 JAPANESE HEAVY CRUISER MOGAMI F,$209.99,T78023,0,YES,No reviews
2023-02-17 09:54:36.275638,Hobbyco,1/700 WATERLINE SERIES US AIRCRAFT CARRIER CV5 YORKTOWN,$52.99,T31712,0,YES,No reviews
2023-02-17 09:54:36.275638,Hobbyco,1/700 WATERLINE SERIES BATTLESHIP MUSASHI,$46.99,T31114,0,YES,No reviews
2023-02-17 09:54:36.275638,Hobbyco,1/700 WATERLINE SERIES USS NAVY BATTLESHIP BB63 MISSOURI,$56.99,T31613,0,YES,No reviews
2023-02-17 09:54:36.275638,Hobbyco,1/700 WATERLINE SERIES BRITISH BATTLESHIP PRINCE OF WALES BATTLE OF MALAYA,$44.99,T31615,0,YES,No reviews
2023-02-17 09:54:36.275638,Hobbyco,1/350 JAPANESE HEAVYCRUISER TONE,$206.99,T78024,0,YES,No reviews
2023-02-17 09:54:36.275638,Hobbyco,1/350 KAGERO,$99.99,T78032,0,YES,No reviews
2023-02-17 09:54:36.275638,Hobbyco,1700 BRITISH BATTLESHIP KING GEORGE V,$32.99,T77525,0,YES,No reviews
2023-02-17 09:54:36.275638,Hobbyco,1/700 HMS BATTLESHIP RODNEY,$24.99,T77502,0,YES,No reviews
2023-02-17 09:54:36.275638,Hobbyco,1/700 WATERLINE BRITISH BATTLESHIP NELSON,$24.99,T77504,0,YES,No reviews
2023-02-17 09:54:36.275638,Hobbyco,1/350 MUSASHI 2013,$146.99,T78031,0,YES,No reviews
2023-02-17 09:54:36.275638,Hobbyco,1/700 WATERLINE SERIES GERMAN BATTLECRUISER GNEISENAU,$29.99,T77520,0,YES,No reviews
2023-02-17 09:54:36.275638,Hobbyco,1/700 WATERLINE SERIES US NAVY BATTLESHIP BB61 IOWA BB61,$56.99,T31616,0,YES,No reviews
2023-02-17 09:54:36.275638,Hobbyco,1/350 YUKIKAZE JAPANESE DESTROYER,$99.99,T78020,0,YES,No reviews
2023-02-17 09:54:36.275638,Hobbyco,1/700 GERMAN SCHARNHORST BATTLE,$26.99,T77518,0,YES,No reviews
2023-02-17 09:54:36.275638,Hobbyco,1/700 LC MOGAMI,$49.99,T31359,0,YES,No reviews
2023-02-17 09:54:36.275638,Hobbyco,JUNYO AIRCRAFT CARRIER,$44.99,T31212,0,YES,No reviews
2023-02-17 09:54:36.275638,Hobbyco,1/700 SHOKAKU AIRCRAFT CARRIER,$54.99,T31213,0,YES,No reviews
2023-02-17 09:54:36.275638,Hobbyco,1/700 US NAVY CA35 INDIANAPOLIS,$46.99,T31804,0,YES,No reviews
2023-02-17 09:54:36.275638,Hobbyco,1100 SPACE SHUTTLE ATLANTIS,$79.99,T60402,0,YES,No reviews
2023-02-17 09:54:36.275638,Hobbyco,BANDIT EXTREME SPORTS BUGGY WITH LED ORANGE,Sale price,TRA24054-61ORNG,0,YES,No reviews
2023-02-17 09:54:36.275638,Hobbyco,BANDIT EXTREME SPORTS BUGGY WITH LED RED/BLACK,Sale price,TRA24054-61RBLK,0,YES,No reviews
2023-02-17 09:54:36.275638,Hobbyco,TRX-4M SCALE & TRAIL CRAWLER FORD BRONCO - BLACK,$349.00,TRA97074-1BLK,0,YES,No reviews
2023-02-17 09:54:36.275638,Hobbyco,TRX-4M SCALE & TRAIL CRAWLER FORD BRONCO - WHITE,$349.00,TRA97074-1WHT,0,YES,No reviews
2023-02-17 09:54:36.275638,Hobbyco,TRX-4M SCALE & TRAIL CRAWLER LAND ROVER DEFENDER - RED,$349.00,TRA97054-1RED,0,YES,No reviews
2023-02-17 09:54:36.275638,Hobbyco,TRX-4M SCALE & TRAIL CRAWLER LAND ROVER DEFENDER - SILVER,$349.00,TRA97054-1SLVR,0,YES,No reviews
2023-02-17 09:54:36.275638,Hobbyco,1/10 TRX4 LAND ROVER DEFENDER 4WD RC TRAIL CRAWLER BLACK,"$1,089.99",TRA82056-4BLK,0,YES,No reviews
2023-02-17 09:54:36.275638,Hobbyco,110 FORD F150 RAPTOR FOX,$579.99,TRA58094-FOX,0,YES,No reviews
2023-02-17 09:54:36.275638,Hobbyco,SLASH 2WD VXL 272R MAGNUM GREEN,$800.80,TRA58076-74GRN,0,YES,No reviews
2023-02-17 09:54:36.275638,Hobbyco,RUSTLER RTR WITH XL5 ESC AND LED RED/BLACK,$539.00,TRA37054-61RBLK,0,YES,No reviews
